{"00": 0.5384615384615384, "01": 0.17391304347826086, "02": 0.043478260869565216, "03": 0.043478260869565216, "04": 0.043478260869565216, "05": 0.043478260869565216, "06": 0.0, "08": 0.21739130434782608, "09": 0.13043478260869565, "10": 0.2857142857142857, "11": 0.5555555555555556, "13": 0.03571428571428571, "15": 0.03571428571428571, "17": 0.03571428571428571, "18": 0.14285714285714285, "19": 0.2857142857142857, "20": 0.20075757575757575, "21": 0.011363636363636364, "22": 0.3039443155452436, "23": 0.10227272727272728, "24": 0.07954545454545454, "25": 0.045454545454545456, "26": 0.03787878787878788, "27": 0.03787878787878788, "28": 0.041666666666666664, "29": 0.011363636363636364, "30": 0.035897435897435895, "31": 0.005128205128205128, "32": 0.020512820512820513, "33": 0.5489749430523918, "34": 0.03076923076923077, "35": 0.28205128205128205, "36": 0.046153846153846156, "37": 0.02564102564102564, "38": 0.015384615384615385, "39": 0.020512820512820513, "40": 0.10344827586206896, "41": 0.0038314176245210726, "42": 0.06130268199233716, "43": 0.13026819923371646, "44": 0.20984455958549222, "45": 0.05747126436781609, "46": 0.07279693486590039, "47": 0.06130268199233716, "48": 0.007662835249042145, "49": 0.022988505747126436, "50": 0.017543859649122806, "51": 0.03508771929824561, "52": 0.07017543859649122, "53": 0.35964912280701755, "54": 0.043859649122807015, "55": 0.50199203187251, "56": 0.008771929824561403, "57": 0.03508771929824561, "58": 0.008771929824561403, "59": 0.017543859649122806, "60": 0.046511627906976744, "61": 0.046511627906976744, "62": 0.13178294573643412, "63": 0.2015503875968992, "64": 0.03875968992248062, "65": 0.06201550387596899, "66": 0.39908256880733944, "67": 0.023255813953488372, "68": 0.023255813953488372, "69": 0.031007751937984496, "70": 0.07142857142857142, "71": 0.011904761904761904, "72": 0.023809523809523808, "73": 0.14285714285714285, "74": 0.05952380952380952, "75": 0.15476190476190477, "76": 0.023809523809523808, "77": 0.33116883116883117, "78": 0.023809523809523808, "79": 0.05952380952380952, "80": 0.5569620253164557, "81": 0.12658227848101267, "82": 0.012658227848101266, "83": 0.012658227848101266, "84": 0.02531645569620253, "85": 0.012658227848101266, "87": 0.012658227848101266, "88": 0.31496062992125984, "89": 0.06329113924050633, "90": 0.17073170731707318, "91": 0.43902439024390244, "93": 0.06097560975609756, "94": 0.012195121951219513, "95": 0.012195121951219513, "96": 0.012195121951219513, "97": 0.036585365853658534, "98": 0.07317073170731707, "99": 0.4426229508196721}