{"00": 0.9326287978863936, "01": 0.0196078431372549, "02": 0.0784313725490196, "03": 0.0, "04": 0.0, "05": 0.0196078431372549, "07": 0.0196078431372549, "08": 0.1568627450980392, "09": 0.0196078431372549, "10": 0.043478260869565216, "11": 0.9493392070484582, "12": 0.021739130434782608, "15": 0.0, "16": 0.0, "18": 0.06521739130434782, "19": 0.34782608695652173, "20": 0.09615384615384616, "21": 0.0, "22": 0.9163987138263665, "23": 0.09615384615384616, "24": 0.038461538461538464, "25": 0.057692307692307696, "26": 0.07692307692307693, "27": 0.019230769230769232, "31": 0.012345679012345678, "32": 0.0, "33": 0.8333333333333334, "34": 0.024691358024691357, "35": 0.20987654320987653, "36": 0.024691358024691357, "37": 0.04938271604938271, "40": 0.016666666666666666, "41": 0.0, "42": 0.05, "43": 0.075, "44": 0.8586572438162544, "45": 0.05, "46": 0.03333333333333333, "47": 0.09166666666666666, "50": 0.0, "52": 0.013888888888888888, "53": 0.2916666666666667, "54": 0.0, "55": 0.8860759493670886, "56": 0.027777777777777776, "57": 0.08333333333333333, "60": 0.012658227848101266, "61": 0.012658227848101266, "62": 0.0759493670886076, "63": 0.05063291139240506, "64": 0.0759493670886076, "65": 0.0379746835443038, "66": 0.9077102803738317, "67": 0.02531645569620253, "68": 0.0, "70": 0.016666666666666666, "72": 0.03333333333333333, "73": 0.06666666666666667, "74": 0.11666666666666667, "75": 0.1, "77": 0.925, "78": 0.016666666666666666, "79": 0.016666666666666666, "80": 0.16666666666666666, "81": 0.12962962962962962, "83": 0.037037037037037035, "84": 0.018518518518518517, "85": 0.0, "86": 0.0, "87": 0.0, "88": 0.9419354838709677, "89": 0.1111111111111111, "90": 0.05, "91": 0.475, "93": 0.0, "97": 0.025, "98": 0.075, "99": 0.9532710280373832}