{"65": 0.3333333333333333, "66": 0.3333333333333333, "61": 0.16666666666666666, "60": 0.16666666666666666}