{"23": 0.3333333333333333, "28": 0.3333333333333333, "27": 0.3333333333333333, "22": 0.25}