{"44": 0.9969167523124358, "49": 0.6666666666666666}