{"56": 0.6666666666666666, "58": 0.3333333333333333}