{"11": 0.6206896551724138, "14": 0.6666666666666666, "17": 0.3333333333333333}