{"09": 0.16666666666666666, "00": 0.45454545454545453, "06": 0.3333333333333333, "05": 0.16666666666666666, "08": 0.16666666666666666, "02": 0.16666666666666666}