{"00": 0.9979818365287588, "09": 0.5, "11": 0.9990539262062441, "14": 1.0, "22": 0.9989878542510121, "23": 1.0, "33": 1.0, "44": 0.9979508196721312, "49": 0.5, "55": 1.0, "65": 0.0, "66": 0.9979317476732161, "68": 0.5, "74": 0.0, "77": 0.9990740740740741, "88": 1.0, "94": 0.25, "97": 0.25, "98": 0.0, "99": 0.9957582184517497}