{"05": 0.0, "08": 0.25, "09": 0.0, "11": 0.22727272727272727, "14": 0.2, "17": 0.5333333333333333, "18": 0.13333333333333333, "19": 0.13333333333333333, "20": 0.2, "22": 0.16666666666666666, "25": 0.0, "27": 0.2, "28": 0.4, "32": 1.0, "43": 0.07692307692307693, "44": 0.13333333333333333, "45": 0.07692307692307693, "48": 0.07692307692307693, "49": 0.5384615384615384, "53": 0.25, "55": 0.2857142857142857, "58": 0.25, "59": 0.5, "61": 0.3333333333333333, "65": 0.0, "66": 0.4, "68": 0.3333333333333333, "72": 0.5, "79": 0.5, "89": 1.0, "90": 0.5, "97": 0.5, "99": 0.6}